{
    "metrics": {
        "R\u00b2": 0.9600709576122816,
        "Adjusted R\u00b2": 0.9600559205488206,
        "RMSE": 1960.8860066338184,
        "MAE": 1135.9013869898545,
        "MAPE": "7.16%"
    },
    "best_params": {
        "n_estimators": 1565,
        "learning_rate": 0.02469133049411534,
        "num_leaves": 143,
        "min_child_samples": 10,
        "subsample": 0.9813319337719706,
        "colsample_bytree": 0.6980855200325209,
        "reg_alpha": 0.05115536524547326,
        "reg_lambda": 0.8465422923644881
    },
    "best_r2": 0.9630624665926593,
    "n_trials": 50,
    "error_summary": {
        "mean_ae": 1135.9013869898545,
        "median_ae": 735.6827605119306,
        "std_ae": 1598.4123968377141,
        "within_1000": 0.620318087709392,
        "within_2000": 0.8531432335780161,
        "within_5000": 0.9806135893092415
    }
}